nct_id,brief_title,description,brief_title_concepts_list,brief_summary_concepts_list,tot_subj_affected,tot_subj_risk,relevance,citationSum,citationAvg,briefTitlePageRankScore,briefTitleAndSummaryCombinedPageRankScore,brief_title_matched_count,brief_summary_matched_count,RRFscore_not_recency
NCT02415595,Dose-finding Study of BMS-955176 to Treat HIV-1 Infected Treatment-naive Adults,"~     The purpose of this study is to find at least one dose of BMS-955176 that will be safe,~     effective and tolerable for HIV-1 infected treatment naive adults.~   ",C0439663;C0243095;C0376495,C0439663;C0376495,607,10918,1,5,5,0.041246376,0.052283001,3,3,0.097944297
NCT00959894,Evaluating Once Daily Etravirine in Treatment-Naive Adults With HIV Infection,"The main study is a single arm, open-label, prospective study to assess antiretroviral      activity and tolerability of etravirine (TMC-125) 400 mg once daily, given with fixed-dose      tenofovir/emtricitabine, in treatment-naïve HIV-1-infected men and women. There are also a      genital secretions pharmacokinetic (PK) sub-study and a metabolic sub-study. The purpose of      the genital secretions PK sub-study is to gain information about drug levels and HIV-1 RNA in      genital secretions when subjects are taking etravirine. The purpose of the metabolic      sub-study is to learn about the effects of etravirine on body composition, as well as lipid      and glucose levels.",C0019693;C1456409;C0087111,C0428548;C0909839;C0428212;C1456409;C0036537;C0036537;C0036537;C1456409;C1456409;C0384228;C0087111;C0087136;C0947630;C1705425;C0947630;C3244317;C0947630;C0947630;C0947630;C0947630;C0023185;C0446516;C0031327;C0017420;C0017420;C0017420;C3242430;C1518681;C2707259;C2707259;C1328018;C0523744;C4049938,88,1896,1,2,2,0.044761242,0.029024955,3,2,0.097384115
NCT00903682,A Clinical Trial Comparing the Tolerability of Etravirine to Efavirenz in Combination With 2 Nucleoside/Nucleotide Reverse Transcriptase Inhibitors in Treatment-naive HIV-1 Infected Patients,"~     The purpose of this study is to compare the neuropsychiatric adverse event profiles of~     etravirine 400mg once daily versus efavirenz 600mg once daily, in combination with 2~     N(t)RTIs, in approximately 150 treatment-naÃ-ve HIV-1 infected patients. Safety, tolerability~     and efficacy of both treatment arms will be assessed throughout the study.~   ",C0282519;C1456409;C0439663;C0376495,C0877248;C1456409;C0439663;C0376495;C0376495,458,8792,1,15,7.5,0.043452862,0.051179225,3,2,0.096011396
NCT00323544,SWEET: Once Daily Truvada Versus Twice Daily Combivir for the Treatment of HIV Infection,"This study will investigate whether the simplified regimen of a once daily fixed dose      combination of Truvada (emtricitabine and tenofovir disoproxil fumarate [DF]) will be      associated with a reduced rate of adverse events, seen with long term use of antiretrovirals,      as well as improved adherence compared to a twice daily fixed dose combination of Combivir.",C0019693;C0087111;C0667846;C1528494;C1154613,C1099776;C0877248;C0909839;C0184511;C0667846;C0040808;C1528494;C0947630;C3539181;C3539181;C4698129,0,0,0,22,22,0.036023612,0.033007662,2,0,0.091127766
NCT03571204,Combination Therapy With 3BNC117 and 10-1074 in HIV-Infected Individuals,"~     Background:~      Human immunodeficiency virus (HIV) affects the immune system. The main function of the immune~     system is protect you from infections and other diseases such as cancer. HIV attacks and~     cripples the immune system making people more susceptible to a variety of infections and~     cancers. Currently, the standard treatment for HIV infection is a daily administration of~     anti-HIV drugs. These drugs are called combination antiretroviral therapy (ART). ART is very~     effective at suppressing HIV, but does not cure HIV infection. ART must be taken continuously~     for life to be effective. ART can stop being effective if not taken correctly and can cause~     permanent side effects. Researchers want to see if two new products can control HIV infection~     without the use of ART. The products are the antibodies 3BNC117 and 10-1074.~      Objective:~      To see if 3BNC117 and 10-1074 are safe and can control HIV levels in the blood of people who~     are not taking ART or people who stop taking their ART during the study. .~      Eligibility:~      Adults ages 18-65 with HIV who are:~        -  on ART and willing to stop treatment for at least 28 weeks~        -  OR not taking ART with low levels of HIV in the blood~      Design:~      Participants will be screened with a physical exam, medical history, and blood, heart, and~     urine tests.~      Participants will get the 2 study products or salt water (placebo). A thin tube will be~     placed in an arm vein. Each product will be given directly into the vein for about 1 hour.~      To help collect blood cells to study in the laboratory, participants may have a procedure~     known as leukapheresis in which blood will be removed through a needle in the arm. Some of~     the white blood cells will be separated from the blood and used for research studies to see~     how 3BNC117 and 10-1074 effects HIV and the immune system. The rest of the blood will be~     returned to the person through another needle in the arm.~      Participants will have 18 study visits over 28 weeks. They will repeat some screening tests.~     They may have leukapheresis again.~      At 8 study visits, participants will get the study products or placebo.~      All participants will be followed for at least 24 weeks after their last dose of the study~     infusions. Participants who are in the Group that stops ART will be monitored closely to make~     sure the levels of virus in their blood do not go to high. If at any time during this the~     study a person develops HIV-related symptoms, or if the viral levels go up to high levels for~     more than 4 weeks, ART will be restarted and no further infusions of 3BNC117 and 10-1074 will~     be given.~   ",C0439663,C1963724;C0262926;C3714514;C3714514;C1710032;C1457887;C3687832;C3687832;C0005767;C0005767;C0018787;C0042036;C0043047;C0005767;C0005767;C0005767;C0005767;C0005767;C0005767;C0446516;C0446516;C0084688;C3714514;C3714514;C3714514;C1321876;C0012634;C0032042;C2946261;C2946261;C0005767;C2946261;C2946261;C2946261;C3845829;C0376495;C0376495,0,0,0,0,0,0.054733187,0.050050658,2,2,0.088220551
NCT00867048,Strategic Timing of Antiretroviral Treatment,"~     Objectives:~        -  To find out if the chance of developing a serious illness or of getting AIDS is less if~          patients start taking HIV medicines at a time when their cluster-of-differentiation-4~          (CD4)+ cell count is still fairly high, instead of waiting until the CD4+ count is at~          the level where there is good evidence for starting medicines.~        -  To learn more about how a strategy of starting HIV medicines early might affect other~          aspects of care, such as the chances of developing other illnesses or resistance to HIV~          medicines, the frequency of doctor visits, the cost of medical care, and general health~          and satisfaction.~   ",C0376495,C0237834;C2946261;C0424575;C0242428,0,0,1,68,68,0.029311418,0.028112419,0,2,0.088173401
NCT00038480,Safety and Effectiveness of Lopinavir/Ritonavir in HIV Infected Infants,~     The purpose of this study is to find out if the drug lopinavir/ritonavir (LPV/RTV) is safe~     and well tolerated in HIV infected infants. This study will also determine the most effective~     dose of LPV/RTV for infants.~   ,C0674432;C0292818;C0439663,C0674432;C0292818;C0439663,0,0,1,64,32,0.030694841,0.036357242,2,2,0.087704047
NCT00000872,Treatment With Combinations of Several Antiviral Drugs in Infants and Young Children With HIV Infection,This trial tests the safety and effectiveness of the early use of combinations of anti-HIV      drugs in HIV-infected infants and young children in an effort to block virus growth and      preserve normal immune functions.      Various anti-HIV drug combinations need to be tested in order to find the best way to treat      infants and children who have been infected with HIV during birth.,C0003451;C0019693;C0087111;C3811910,C0013162;C4553491;C3539181;C0439663;C0439663;C0015264;C0018270;C1553386;C0439662;C0392366;C0392366;C0013227;C0028778;C0005615;C0031843;C0033085;C4700170;C0018792;C1522411,0,0,0,0,0,0.037386808,0.04218996,2,2,0.087542088
NCT01803074,Study to Evaluate a HIV Drug for the Treatment of HIV Infection,The primary purpose of this study is to study the safety and tolerability of a HIV drug and      to evaluate a decrease of HIV-1 virus level in blood after treatments in HIV-1 infected      patients,C0019693;C0087111;C0220825;C0947630;C0013227,C4684765;C0087111;C0439663;C0947630;C0947630;C0005767;C0013227;C0442797;C0220825,0,0,1,2,2,0.038066728,0.056488789,2,2,0.086524919
NCT01038999,"Accelerated Aging, HIV Infection, Antiretroviral Therapies","The main goal is to confirm, among HIV1-infected patients, data from in vitro studies showing      that antiretroviral therapies induce an accelerated aging through the same mechanisms than      genetic laminopathies or than ""physiological "" aging, that is through the synthesis and      persistence of farnesylated prelamin A. The secondary goal is to measure the impact of HIV      infection and of antiretroviral therapies on markers of cell ageing (proteasome,      mitochondria, telomere). The perspective is to fix antiretroviral therapy side effects using      the same drug combination that will be used in few weeks in Marseille to treat children      suffering from progeria",C0019693;C0087111;C0001811,C1963724;C0013162;C0877248;C0546816;C0087111;C0027627;C0009450;C0087111;C0683278;C0033300;C0750484;C0947630;C0001811;C0001811;C0001811;C0018017;C3245479;C0018017;C1273517;C0005516,0,0,1,11,5.5,0.041945405,0.033686379,2,2,0.085285889
NCT01034917,Switching From Protease Inhibitor (PI) to Etravirine in HIV-1 Infected Subjects With Viremia Suppression,"~     This is a 48 week randomized, prospective, controlled, open-label, proof-of-concept pilot~     clinical trial.~      Patients with HIV-1 infection on HAART PI-based regimen will be randomized to switch from the~     PI to etravirine (400 mg dissolved in water every 24 hours) or to continue with the same~     approach.~      The aim of the study is to compare the virological efficacy of the etravirine-based regimen~     with standard PI-containing regimen.~   ",C0301625;C1456409;C0439663;C0033607,C1456409;C1456409;C3714514;C0043047;C2948600;C0180112,0,0,0,5,5,0.035129884,0.038752293,2,2,0.083685116
NCT03225118,Impact of a Short-Term Analytical Treatment Interruption and Re-Initiation of Antiretroviral Therapy on Immunologic and Virologic Parameters in HIV-Infected Individuals,"~     Background:~      The immune system helps the body fight off disease. Most people infected with HIV cannot~     control the infection and need daily medicine. Combination antiretroviral therapy (cART) are~     drugs taken to prevent HIV infection from damaging the immune system. Researchers want to~     study why some people develop resistance to the drugs or have permanent side effects.~      Objective:~      To study the impact of a short-term treatment stop on HIV that persists even while taking~     cART.~      Eligibility:~      Adults 18-65 years old with HIV who are being treated with cART~      Design:~        -  Participants will first be screened with a physical exam and medical history. They may~          have a chest x-ray. They will have heart, blood, and urine tests.~        -  At the baseline visit, participants will repeat the screening tests except the x-ray.~          They will get counseling about HIV and risk behavior.~        -  Participants will have leukapheresis. Blood will be removed through a needle in one arm.~          A machine will separate white blood cells from the rest of the blood. The remainder of~          the blood will be returned to the body by a different needle.~        -  Participants will stop their current treatment on day 0. They will visit the clinic each~          week until they meet the criteria to restart cART. These visits will have the same~          procedures as the baseline visit.~        -  Before restarting cART, most participants will have leukapheresis.~        -  After restart, participants will be seen weekly for 4 weeks and then monthly for about~          11 months. Participants will have blood drawn, physical exam, and medical history. They~          will have leukapheresis 2 more times over 1 year.~   ",C1963724;C0439663;C0376495,C1963724;C0262926;C0262926;C0237834;C0010210;C3714514;C3714514;C1710032;C0439663;C0012634;C3687832;C3687832;C0817096;C0018787;C0005767;C0042036;C0005767;C0005767;C0005767;C0005767;C0005767;C0376495;C0376495,0,0,0,0,0,0.042675662,0.047270879,2,2,0.081720301
NCT03831945,Combination Therapy With VRC-HIVMAB060-00-AB (VRC01) and 10-1074 in HIV-Infected Individuals Undergoing Sequential Treatment Interruptions,"~     Background:~      A daily drug combination can keep human immunodeficiency virus (HIV) levels low for a long~     time. But if this combination antiretroviral therapy (ART) stops, HIV levels go back up.~     People can also develop resistance or permanent side effects. Researchers want to see if 2~     new drugs can help control HIV when a person is not on ART.~      Objective:~      To see if VRC01 and 10-1074 are safe and control HIV when a person is not on ART.~      Eligibility:~      Adults 18 65 with HIV~      Design:~      All participants must agree to practice safer sex. Those who can get pregnant will have a~     pregnancy test every visit.~      Participants will be screened with:~      Physical exam~      Medicine review~      Blood and urine tests~      Some participants may need to change their HIV medicine for a brief period of time during the~     study.~      A few weeks later, participants will repeat screening tests and stop taking their HIV~     medicines.~      Interruption phase 1: Participants will have blood tests every 2 weeks, and repeat screening~     tests every 4 weeks.~      Treatment phase: Once their HIV reaches a certain level in the blood, participants will get~     the 2 study drugs or a salt water placebo. They will not know which they get. Each substance~     will be given through a thin tube in an arm vein for about 1 hour. Participants will restart~     their HIV medicines and repeat screening tests every 4 weeks.~      Interruption phase 2: Once the level of HIV in the blood becomes undetectable for 3 months,~     participants will again stop taking their HIV medicines and have blood tests every 2 weeks to~     monitor the level of HIV in the blood.~      Participants will restart their medicines by week 24. They will start sooner if they have~     certain symptoms or blood levels of HIV become too high. They will repeat most screening~     tests 3 times over 24 weeks.~   ",C0439663;C0376495,C1963724;C0237834;C0032961;C1710032;C1710032;C1457887;C3687832;C0005767;C0042036;C0005767;C2946261;C0005767;C3687832;C0043047;C2946261;C0005767;C0005767;C2946261;C0005767;C0004600;C0446516;C1710032;C1710032;C1321876;C0032042;C2946261;C2946261;C2946261;C0376495,0,0,0,0,0,0.048325648,0.048451519,2,2,0.080869176
NCT00113126,"Staccato: A Trial of CD4 Guided Treatment Interruption, Compared to Continuous Treatment, for HIV Infection","Treatment of HIV repairs the immune system, but continuous treatment is expensive and causes      side effects. Would it not be better to treat intermittently, e.g. stop treatment when the      immune system has recovered, and start again only when damage reappears? That is the question      which STACCATO proposes to answer.      Approximately 500 patients were recruited for this trial from 2002 to 2004. One third were      treated continuously; in two thirds, the treatment was interrupted whenever the CD4 count, a      measure of immune recovery, exceeded 350. At the end of 2005, the two treatment groups will      be compared in order to see which fared better regarding amount of drugs used, side effects,      CD4 counts, and development of resistance to treatment.",C0019693;C0087111;C0087111;C0302614,C0877248;C0877248;C0243107;C0087111;C0087111;C0087111;C0087111;C1561565;C0087111;C0087111;C0043240;C0439662;C0439662;C0010957;C0439662;C1552839;C1552850;C0013227;C1273517;C0042789;C1561565;C2004454;C0237834;C0449878;C0018792;C1522411;C1444662;C2004454;C1522634;C0332155,0,0,0,102,34,0.041945405,0.031009515,2,2,0.080766908
NCT02411539,"Evaluating the Safety, Tolerability, and Effect of a Human Monoclonal Antibody (VRC01) on Markers of HIV Persistence in HIV-Infected Adults Receiving Antiretroviral Therapy (ART)","~     The purpose of this study was to evaluate the safety, tolerability, and effect of an~     experimental human monoclonal antibody (mAb), VRC-HIVMAB060-00-AB (VRC01), in adults infected~     with HIV who were receiving antiretroviral therapy (ART).~   ",C1963724;C0439663;C0281019,C1963724;C0439663;C0281019,164,2920,0,7,7,0.033447121,0.048427953,2,2,0.080700549
NCT00979706,Immune-based Therapy Pilot Study for the Treatment of Primary HIV Infection (PHI-IMD).,Pilot study for the treatment of primary HIV infection with the objective to induce a strong      specific HIV immune response able to control viral replication without HAART.,C0019693;C0087111;C0087111;C0439662;C0947630,C1142553;C0087111;C0018017;C1552740;C1704632;C0439662;C0947630;C0887947;C1299581;C0185026;C1512793,0,0,0,1,1,0.038523152,0.031536653,2,2,0.08015873
NCT01230580,Protease Inhibitor Monotherapy Versus Ongoing Triple-therapy in the Long Term Management of HIV Infection (PIVOT),"The PIVOT trial aims to determine whether a strategy of switching to PI monotherapy is      non-inferior to continuing triple-therapy, in terms of the proportion of patients who      maintain all the drug treatment options that were available to them at baseline after at      least 3 years of follow-up, and to compare clinical events, safety, toxicity and health      economic parameters between the two strategies.",C0033607;C0019693;C0087111;C0233324;C0376636,C0683525;C0679199;C0679199;C0600688;C0087111;C0013227;C0231530;C0018792;C0728774;C3272565;C4082977,0,0,0,20,20,0.038211781,0.031088632,2,0,0.078333333
NCT00013520,Comparison of Three Different Initial Treatments Without Protease Inhibitors for HIV Infection,"The purpose of this study is to compare the effectiveness, safety, and tolerability of 3      anti-HIV combination treatments that do not use protease inhibitors (PIs).      The current rule for starting treatment of HIV infection is to combine members from different      classes of anti-HIV drugs, such as 2 nucleoside reverse transcriptase inhibitors (NRTIs) and      either a PI or a nonnucleoside reverse transcriptase inhibitor (NNRTI). However, these      combinations can be complicated and difficult to take, can cause a number of side effects,      and may become ineffective. Combinations that are simpler, better tolerated, and more      effective are needed. Because PIs can cause long-term side effects and because HIV can become      resistant to many of them at the same time, anti-HIV combination treatments that do not use      PIs are being tested.",C0033607;C0019693;C0087111;C0882214,C0282519;C0282519;C0033607;C4553491;C0019693;C3539181;C0877248;C0877248;C0087111;C3242385;C0087111;C3242385;C0087111;C0332218;C0456387;C0392366;C0947630;C0013227;C0870077;C3811910;C3539181;C3539181;C4684765;C1514892;C0034770,0,0,1,206,41.2,0.039585827,0.039840396,2,2,0.076891026
NCT02463227,"Evaluating the Safety, Pharmacokinetics, and Antiviral Activity of a Human Monoclonal Antibody (VRC01) in HIV-Infected Adults Undergoing a Brief Treatment Interruption","~     The purpose of this study was to evaluate the safety, tolerability, pharmacokinetics (PK),~     and antiviral activity of an antibody (called VRC01) in HIV-infected adults whose HIV was~     well-controlled with HIV medicines. The study examined whether VRC01 controlled or delayed~     the return of HIV viremia when the participants' HIV medicines were briefly stopped during~     the study.~   ",C0439663;C0281019;C0376495,C0439663;C0332128;C0180112;C0180112,23,266,0,159,79.5,0.042675662,0.044469883,2,2,0.073629452
NCT02670772,Dose Optimisation of Stavudine for the Treatment of HIV Infection,The purpose of this study is to demonstrate whether low dose stavudine (d4T) is non-inferior      (in terms of both viral suppression and toxicity) to tenofovir (TDF) after 2 years of HIV      treatment.,C0019693;C0164662;C0087111,C0301625;C0164662;C0384228;C0087111;C0600688;C0947630;C1550472;C0164662;C0262340;C4699613;C1512793,0,0,0,1,0.333333333,0.041945405,0.033675698,2,2,0.072481572
NCT01683656,ER Niacin/Laropiprant Impact on Cardiovascular Markers and Atheroprogression in HIV-infected Individuals on cART,"~     HIV-infected patients are at increased risk for cardiovascular disease. Large investigations~     support an inverse correlation between HDL-C levels and coronary heart disease. Therefore a~     treatment lowering HDL-C such as niacin could reduce the risk of atheroprogression not only~     through its benefit in terms of lipid profile, but also by reducing atherosclerotic~     inflammation.~      The study aims at showing that a therapy targeting HDL-C increase in HIV-infected patients on~     suppressive cART has the potential for reducing subclinical atherosclerotic inflammation~     associated with HIV itself in HIV-individuals on cART.~      NILACH is a randomised, multicenter, double blind, placebo controlled, 48 weeks trial to test~     the effect of the newly marketed niacin/laropiprant on carotid intima-media thickness (IMT)~     in 90 subjects.~        -  Regimen 1: ER niacin/laropiprant 1g/20 mg for the first 4 weeks and 2g/40mg from week 5~          to the end of the study (the titration aims to reduce adverse reactions)~        -  Regimen 2: ER niacin/laropiprant placebo p.m.~      The primary end point is the change in mean common carotid intima-media thickness from~     baseline and 48 weeks, compared between the niacin/laropiprant group and the placebo group.~      The proposed in vivo experiments should provide insights on the potential benefits of niacin~     treatment of cardiovascular disease in HIV patients. In addition, we will be able to further~     clarify the role of systemic inflammatory mediators in the development of early~     atherosclerosis of HIV-infected patients on antiretroviral therapy. Detection and treatment~     of non-infectious co-morbidities such as cardiovascular diseases have become essential for~     HIV-infected individuals exposed to lifelong antiretroviral therapy and go beyond mere~     management of opportunistic infections or virologic suppression.~   ",C3887460;C0439663;C0027996,C0029118;C0007222;C0010068;C1963724;C1963724;C0004153;C3887460;C3887460;C1511790;C0439663;C0439663;C0439663;C0439663;C0012634;C0012634;C0027996;C0027996;C0027996;C0027996;C0027996;C0021368;C0559546;C0021368;C0233820;C0032042;C0032042;C0032042;C0301625;C0027996;C2946261;C0084688;C0180112;C0376495;C0376495,0,0,1,0,0,0.030694841,0.042561838,2,2,0.071827243
NCT00307151,Antiviral Responses to NNRTI-Based vs. PI-Based ARV Therapy in HIV Infected Infants Who Have or Have Not Received Single Dose NVP for Prevention of Mother-to-Child Transmission of HIV,~     A single dose of nevirapine (SD NVP) given to an HIV infected pregnant woman followed by a~     single dose to her infant has been shown to be an effective way of reducing the risk of~     mother-to-child transmission (MTCT) of HIV. The purpose of this study was to compare the~     effectiveness of a non-nucleoside reverse transcriptase inhibitor (NNRTI)-based~     antiretroviral regimen versus a protease inhibitor (PI)-based regimen in HIV infected infants~     who had or had not been exposed to SD NVP for prevention of MTCT.~      >>~      >> A five year follow up has been added to the study.~   ,C0439663;C0723338,C0439663;C0439663;C0282519;C0033607;C0723338;C0723338,5958,53669,1,243,40.5,0.035608066,0.039412187,2,2,0.071129374
NCT00270257,Drug Treatment Combined With Drug and Risk Reduction Counseling to Prevent of HIV Infection and Death Among Injection Drug Users,Drug abuse and HIV/AIDS are serious global health problems. Injection drug use is currently      the major mode of transmission of HIV in many countries. The purpose of this study is to      determine the effectiveness of drug and risk reduction counseling combined with either      substitution drug treatment with buprenorphine/naloxone (BUP/NX) or short-term detoxification      with BUP/NX in preventing HIV transmission among injection drug users. Participants will be      recruited for this study in China and Thailand.,C0019693;C0010210;C0087111;C1293152;C1533685;C0011065;C0013227;C0013227;C0013227;C0012082,C0025516;C0392877;C4553491;C0006405;C0013146;C0010210;C1533685;C4551656;C0087111;C0242510;C0947630;C0947630;C0013227;C0013227;C0033213;C0242781;C0242781;C4082977,169,63801,0,11,5.5,0.036930476,0.029769492,2,2,0.07112462
NCT00708110,Phase IIa Dose-ranging Study of GSK1349572 in HIV-1 Infected Adults,"~     GSK1349572 is an integrase inhibitor that will be evaluated for the treatment of HIV~     infection. This phase IIa, multicenter, randomized, parallel, double-blind, dose ranging,~     placebo-controlled 'proof of concept' study is to be conducted to compare antiviral effect,~     safety, tolerability, and pharmacokinetics of GSK1349572 monotherapy versus placebo over 10~     days in ART-naïve and experienced, but integrase inhibitor naïve (meaning never having had an~     integrase inhibitor) HIV-1 infected adults who are not currently receiving antiretroviral~     therapy. This study consists of a screening visit, a treatment period and a follow-up~     evaluation. Thirty subjects will be randomized to receive one of three doses of GSK1349572 or~     placebo q24h over 10 days. Antiviral effect measures include viral load and CD4 cell count.~   ",C0439663,C0220825;C3714514;C1710032;C0439663;C0376601;C0376601;C0376601;C0596545;C1522577;C0032042;C0032042;C0032042;C0180112;C0376495;C0376495,78,1190,1,61,61,0.054733187,0.041242515,2,2,0.070691004
NCT02471326,VRC-HIVMAB060-00-AB (VRC01) in People With Chronic HIV Infection Undergoing Analytical Treatment Interruption,"Background:      - A combination of daily drugs (called cART) can keep human immunodeficiency virus (HIV) very      low for a long time. But cART can lose effectiveness and cause permanent side effects. If      treatment stops, HIV levels go up again. Researchers want to see if a new product can control      HIV levels when a person is off cART.      Objective:      - To see if the new product VRC01 is safe and can control the HIV level in the blood when a      person is not taking cART.      Eligibility:      - Adults ages 18-65 with HIV who are willing to interrupt their treatment for at least 24      weeks.      Design:        -  Participants will be screened with:        -  Physical exam        -  Medical history        -  Heart tests        -  Blood and urine tests.        -  Their HIV drugs may be switched. They will keep taking them until a few days after Visit           1.        -  Visit 1: Repeat screening procedures.        -  Participants will also have genetic testing and leukapheresis. For this, blood will be           removed through a needle in one arm and circulated through a machine that removes white           blood cells. The rest of the blood is returned through a needle in the other arm.        -  They will get the first study drug dose through a thin tube in an arm vein for about 1           hour.        -  For 24 weeks, participants will have 16 visits. They will have blood drawn every visit.           At some visits they will repeat the screening procedures and get another VRC01 dose.           They may have another leukapheresis.        -  Four weeks after the last dose, participants will restart their cART. For 20 weeks, they           will have monthly visits to repeat the screening procedures and discuss new symptoms.",C0019693;C0087111;C1547296,C0220908;C0220908;C0220908;C0021051;C0262926;C0393006;C4553491;C0031809;C0023416;C0023416;C0877248;C0681520;C0681520;C0013893;C1263430;C0087111;C0018017;C0087111;C0226792;C0600109;C0027551;C0027551;C0013227;C0005767;C0018787;C0392366;C0005767;C0013227;C0005767;C0005767;C0005767;C0947630;C0005767;C1512346;C0013227;C0175730;C1550472;C0042789;C0042789;C0446516;C0446516;C1578513;C3539181;C1457887;C1512346;C1512346;C1512346;C1512346;C1512346;C0231530,40,280,0,80,80,0.041945405,0.040110255,2,2,0.069814607
